{"stat.chestOpened":27,"stat.drop.minecraft.repeater":1,"stat.walkOneCm":372150,"stat.trappedChestTriggered":17,"stat.pickup.minecraft.stone_pressure_plate":1,"stat.leaveGame":2,"stat.drop.minecraft.ladder":1,"stat.furnaceInteraction":23,"stat.pickup.minecraft.wooden_button":1,"stat.jump":1171,"stat.swimOneCm":31,"stat.climbOneCm":4892,"stat.useItem.minecraft.redstone":24,"stat.craftItem.minecraft.lever":2,"stat.crouchOneCm":30602,"stat.pickup.minecraft.glass":1,"stat.useItem.minecraft.stone_button":2,"stat.sprintOneCm":83301,"stat.useItem.minecraft.stone_slab2":2283,"stat.pickup.minecraft.end_rod":1,"stat.drop.minecraft.stone_pressure_plate":2,"stat.useItem.minecraft.concrete":53,"stat.useItem.minecraft.water_bucket":5,"stat.drop.minecraft.glass":1,"stat.craftingTableInteraction":3,"stat.drop.minecraft.gold_block":5,"stat.useItem.minecraft.wooden_button":1,"stat.useItem.minecraft.stone_pressure_plate":1,"stat.pickup.minecraft.gold_block":5,"stat.flyOneCm":869691,"stat.pickup.minecraft.concrete":1,"stat.drop":12,"stat.pickup.minecraft.iron_door":3,"stat.playOneMinute":203116,"stat.pickup.minecraft.stone_button":3,"stat.sneakTime":17007,"stat.drop.minecraft.quartz_block":2,"stat.pickup.minecraft.redstone":4,"stat.timeSinceDeath":203116,"stat.diveOneCm":1522,"stat.useItem.minecraft.iron_door":5}