{"stat.chestOpened":25,"stat.walkOneCm":122445,"stat.trappedChestTriggered":10,"stat.pickup.minecraft.redstone_torch":1,"stat.leaveGame":6,"stat.drop.minecraft.redstone":2,"stat.drop.minecraft.iron_door":3,"stat.jump":271,"stat.climbOneCm":1656,"stat.useItem.minecraft.redstone":79,"stat.crouchOneCm":5371,"stat.sprintOneCm":15026,"stat.useItem.minecraft.stone_slab2":1822,"stat.useItem.minecraft.redstone_ore":40,"stat.pickup.minecraft.repeater":1,"stat.drop.minecraft.stone_button":1,"stat.flyOneCm":350542,"stat.pickup.minecraft.iron_door":4,"stat.drop":6,"stat.playOneMinute":166111,"stat.sneakTime":4612,"stat.pickup.minecraft.redstone":2,"stat.timeSinceDeath":166111,"stat.useItem.minecraft.iron_door":18}