{"stat.useItem.minecraft.iron_bars":107,"stat.useItem.minecraft.splash_potion":33,"stat.walkOneCm":37057,"stat.useItem.minecraft.stone_slab":3,"stat.leaveGame":5,"stat.damageTaken":120,"stat.mobKills":1,"stat.useItem.minecraft.stonebrick":231,"stat.useItem.minecraft.silver_glazed_terracotta":154,"stat.flyOneCm":918886,"stat.jump":116,"stat.swimOneCm":79,"stat.mineBlock.minecraft.leaves":1,"stat.useItem.minecraft.magma":12,"stat.playOneMinute":212735,"stat.pickup.minecraft.fish":1,"stat.climbOneCm":6934,"stat.sneakTime":3729,"stat.damageDealt":90,"stat.crouchOneCm":1916,"stat.timeSinceDeath":212735,"stat.useItem.minecraft.obsidian":30,"stat.useItem.minecraft.dirt":4,"stat.sprintOneCm":680,"stat.useItem.minecraft.stone_slab2":334,"stat.useItem.minecraft.spawn_egg":44,"stat.diveOneCm":4841}