{"stat.beaconInteraction":1,"stat.drop.minecraft.record_13":2,"stat.walkOneCm":241696,"stat.recordPlayed":19,"stat.leaveGame":8,"stat.drop.minecraft.dirt":1,"stat.talkedToVillager":3,"stat.useItem.minecraft.diamond_sword":6,"stat.drop.minecraft.iron_block":1,"stat.drop.minecraft.sign":1,"stat.drop.minecraft.bedrock":1,"stat.jump":1137,"stat.swimOneCm":2611,"stat.climbOneCm":308,"stat.pickup.minecraft.beef":2,"stat.shulkerBoxOpened":1,"stat.crouchOneCm":22808,"stat.pickup.minecraft.chicken":1,"stat.pickup.minecraft.sapling":1,"stat.sprintOneCm":46518,"stat.drop.minecraft.magma":1,"stat.useItem.minecraft.stone_slab2":2735,"stat.drop.minecraft.command_block":1,"stat.useItem.minecraft.water_bucket":9,"stat.damageTaken":560,"stat.drop.minecraft.nether_wart_block":2,"stat.mobKills":3,"stat.drop.minecraft.jukebox":1,"stat.flyOneCm":1298389,"stat.deaths":4,"stat.pickup.minecraft.wheat_seeds":2,"stat.drop":13,"stat.pickup.minecraft.egg":1,"stat.playOneMinute":395359,"stat.sneakTime":15569,"stat.drop.minecraft.record_ward":1,"stat.damageDealt":300,"stat.timeSinceDeath":68277,"stat.killEntity.Pig":3,"stat.diveOneCm":5266,"stat.drop.minecraft.wooden_axe":1}