{"stat.useItem.minecraft.splash_potion":15,"stat.walkOneCm":11515,"stat.recordPlayed":3,"stat.leaveGame":2,"stat.useItem.minecraft.tnt":103,"stat.useItem.minecraft.anvil":2,"stat.flyOneCm":61478,"stat.useItem.minecraft.cobblestone_wall":11,"stat.drop":2,"stat.jump":33,"stat.swimOneCm":77,"stat.drop.minecraft.skull":1,"stat.playOneMinute":20418,"stat.sneakTime":550,"stat.crouchOneCm":158,"stat.timeSinceDeath":20418,"stat.useItem.minecraft.jukebox":1,"stat.sprintOneCm":288,"stat.useItem.minecraft.stone_slab2":136,"stat.useItem.minecraft.spawn_egg":2,"stat.drop.minecraft.command_block":1}