{"stat.drop.minecraft.flower_pot":1,"stat.flowerPotted":1,"stat.useItem.minecraft.splash_potion":13,"stat.walkOneCm":58829,"stat.leaveGame":12,"stat.useItem.minecraft.lava_bucket":1,"stat.drop.minecraft.wool":1,"stat.talkedToVillager":3,"stat.pickup.minecraft.flower_pot":2,"stat.useItem.minecraft.potion":57,"stat.useItem.minecraft.flower_pot":1,"stat.jump":247,"stat.swimOneCm":260,"stat.useItem.minecraft.milk_bucket":3,"stat.crouchOneCm":1189,"stat.sprintOneCm":703,"stat.useItem.minecraft.stone_slab2":3358,"stat.useItem.minecraft.flint_and_steel":2,"stat.useItem.minecraft.bucket":1,"stat.flyOneCm":1084135,"stat.deaths":1,"stat.drop":2,"stat.useItem.minecraft.magma":198,"stat.useItem.minecraft.writable_book":5,"stat.playOneMinute":283147,"stat.sneakTime":8025,"stat.timeSinceDeath":100389}