{"stat.useItem.minecraft.iron_bars":40,"stat.walkOneCm":114867,"stat.leaveGame":1,"stat.mineBlock.minecraft.vine":6,"stat.useItem.minecraft.log":73,"stat.useItem.minecraft.silver_glazed_terracotta":5,"stat.pickup.minecraft.log":4,"stat.jump":179,"stat.swimOneCm":421,"stat.climbOneCm":5603,"stat.fallOneCm":2344,"stat.useItem.minecraft.milk_bucket":1,"stat.crouchOneCm":4316,"stat.pickup.minecraft.sapling":10,"stat.useItem.minecraft.leaves":1,"stat.sprintOneCm":21840,"stat.useItem.minecraft.stained_glass":4,"stat.useItem.minecraft.stone_slab2":1432,"stat.useItem.minecraft.fence":57,"stat.useItem.minecraft.water_bucket":3,"stat.useItem.minecraft.vine":85,"stat.damageTaken":210,"stat.useItem.minecraft.stonebrick":12,"stat.mineBlock.minecraft.log":2,"stat.flyOneCm":999116,"stat.deaths":2,"stat.drop":2,"stat.mineBlock.minecraft.leaves":233,"stat.playOneMinute":183838,"stat.sneakTime":4006,"stat.timeSinceDeath":124836,"stat.drop.minecraft.log":2,"stat.useItem.minecraft.wooden_slab":244,"stat.diveOneCm":6143}