{"stat.craftItem.minecraft.leather_leggings":4,"stat.walkOneCm":81470,"stat.leaveGame":5,"stat.useItem.minecraft.log":123,"stat.damageTaken":10,"stat.craftItem.minecraft.leather_boots":2,"stat.useItem.minecraft.stonebrick":9,"stat.talkedToVillager":4,"stat.flyOneCm":1430812,"stat.jump":421,"stat.swimOneCm":345,"stat.playOneMinute":151826,"stat.craftItem.minecraft.leather_chestplate":3,"stat.climbOneCm":2968,"stat.useItem.minecraft.planks":118,"stat.useItem.minecraft.jungle_stairs":110,"stat.sneakTime":3656,"stat.useItem.minecraft.piston":2,"stat.crouchOneCm":1692,"stat.timeSinceDeath":151826,"stat.useItem.minecraft.leaves":84,"stat.sprintOneCm":67207,"stat.useItem.minecraft.stone_slab2":486,"stat.useItem.minecraft.wooden_slab":504,"stat.useItem.minecraft.redstone_ore":1,"stat.useItem.minecraft.fence":270,"stat.diveOneCm":235,"stat.craftingTableInteraction":4}