{"stat.drop.minecraft.iron_axe":1,"stat.walkOneCm":186185,"stat.useItem.minecraft.torch":205,"stat.useItem.minecraft.structure_void":5,"stat.leaveGame":19,"stat.talkedToVillager":4,"stat.jump":391,"stat.swimOneCm":4356,"stat.climbOneCm":128,"stat.drop.minecraft.sapling":1,"stat.crouchOneCm":8751,"stat.pickup.minecraft.sapling":1,"stat.pickup.minecraft.dirt":10,"stat.useItem.minecraft.dirt":8,"stat.sprintOneCm":6248,"stat.useItem.minecraft.stone_slab2":4880,"stat.useItem.minecraft.diamond_hoe":7,"stat.useItem.minecraft.flint_and_steel":21,"stat.damageTaken":280,"stat.pickup.minecraft.cobblestone":6,"stat.flyOneCm":2549072,"stat.deaths":2,"stat.pickup.minecraft.wheat_seeds":1,"stat.drop":4,"stat.playOneMinute":761367,"stat.pickup.minecraft.torch":4,"stat.sneakTime":13215,"stat.drop.minecraft.redstone_block":1,"stat.damageDealt":52,"stat.timeSinceDeath":636964,"stat.useItem.minecraft.spawn_egg":19,"stat.drop.minecraft.grass":1,"stat.diveOneCm":3457}