{
  "minecraft:recipes/transportation/acacia_boat": {
    "criteria": {
      "entered_water": "2017-07-12 20:23:17 +0800"
    },
    "done": true
  },
  "minecraft:recipes/transportation/dark_oak_boat": {
    "criteria": {
      "entered_water": "2017-07-12 20:23:17 +0800"
    },
    "done": true
  },
  "minecraft:recipes/transportation/birch_boat": {
    "criteria": {
      "entered_water": "2017-07-12 20:23:17 +0800"
    },
    "done": true
  },
  "minecraft:recipes/transportation/boat": {
    "criteria": {
      "entered_water": "2017-07-12 20:23:17 +0800"
    },
    "done": true
  },
  "minecraft:recipes/transportation/jungle_boat": {
    "criteria": {
      "entered_water": "2017-07-12 20:23:17 +0800"
    },
    "done": true
  },
  "minecraft:recipes/transportation/spruce_boat": {
    "criteria": {
      "entered_water": "2017-07-12 20:23:17 +0800"
    },
    "done": true
  },
  "minecraft:adventure/adventuring_time": {
    "criteria": {
      "forest": "2017-07-12 20:23:46 +0800",
      "plains": "2017-07-12 20:23:44 +0800",
      "river": "2017-07-12 20:23:18 +0800"
    },
    "done": false
  }
}